Strategy,Green Length,Yellow Length,Neighbors Asked,Weights,Total Traffic Input,Total Traffic Output,Total Waiting Time,Average Total Waiting Time,Total Accidents,Priority Vehicles Count,Priority Average Waiting Time
priority-score?,,1,,"(0, 0, 100)",5028.0,4998.0,268885.0,53.47752585521082,0.0,91.0,0.0
priority-score?,,1,,"(0, 20, 80)",9877.0,9771.0,38450.0,3.892882454186494,48.0,185.0,0.8216216216216217
priority-score?,,1,,"(0, 40, 60)",10028.0,9906.0,39043.0,3.8933984842441163,52.0,205.0,1.6
priority-score?,,1,,"(0, 50, 50)",9918.0,9799.0,39466.0,3.9792296834039123,54.0,207.0,1.893719806763285
priority-score?,,1,,"(0, 60, 40)",9978.0,9875.0,39899.0,3.9986971336941273,44.0,182.0,2.456043956043956
priority-score?,,1,,"(0, 80, 20)",10027.0,9928.0,40325.0,4.021641567767029,45.0,196.0,2.38265306122449
priority-score?,,1,,"(0, 100, 0)",9881.0,9748.0,39218.0,3.9690314745471107,58.0,204.0,4.0245098039215685
priority-score?,,1,,"(10, 10, 80)",10076.0,9996.0,9670.0,0.9597062326319968,35.0,184.0,0.22826086956521738
priority-score?,,1,,"(10, 30, 60)",10034.0,9944.0,10790.0,1.075343830974686,42.0,215.0,0.3767441860465116
priority-score?,,1,,"(10, 40, 50)",9998.0,9927.0,10982.0,1.0984196839367875,31.0,210.0,0.4095238095238095
priority-score?,,1,,"(10, 50, 40)",10209.0,10130.0,11882.0,1.1638750122440984,35.0,207.0,0.7342995169082126
priority-score?,,1,,"(10, 60, 30)",10153.0,10078.0,11739.0,1.1562099871959026,34.0,194.0,0.8298969072164949
priority-score?,,1,,"(10, 80, 10)",10054.0,9984.0,10825.0,1.076685896160732,31.0,220.0,0.9272727272727272
priority-score?,,1,,"(20, 0, 80)",10027.0,10010.0,8150.0,0.8128054253515508,5.0,202.0,0.16831683168316833
priority-score?,,1,,"(20, 20, 60)",9854.0,9782.0,9340.0,0.9478384412421351,32.0,202.0,0.21287128712871287
priority-score?,,1,,"(20, 30, 50)",9901.0,9842.0,10066.0,1.0166649833350168,25.0,222.0,0.31981981981981983
priority-score?,,1,,"(20, 40, 40)",9905.0,9853.0,9774.0,0.9867743563856638,19.0,194.0,0.5103092783505154
priority-score?,,1,,"(20, 50, 30)",9898.0,9821.0,10732.0,1.0842594463527986,34.0,196.0,0.9030612244897959
priority-score?,,1,,"(20, 60, 20)",9969.0,9908.0,11190.0,1.1224796870297924,27.0,215.0,0.786046511627907
priority-score?,,1,,"(20, 80, 0)",9999.0,9938.0,10830.0,1.083108310831083,27.0,219.0,1.2465753424657535
priority-score?,,1,,"(25, 25, 50)",10007.0,9946.0,9348.0,0.9341460977315879,26.0,194.0,0.35051546391752575
priority-score?,,1,,"(25, 50, 25)",9987.0,9921.0,10217.0,1.0230299389205968,26.0,192.0,0.5677083333333334
priority-score?,,1,,"(30, 10, 60)",10059.0,10013.0,8359.0,0.8309971170096431,19.0,194.0,0.3711340206185567
priority-score?,,1,,"(30, 20, 50)",9931.0,9873.0,8360.0,0.8418084785016615,27.0,213.0,0.39436619718309857
priority-score?,,1,,"(30, 30, 40)",10003.0,9937.0,9620.0,0.9617114865540338,27.0,200.0,0.445
priority-score?,,1,,"(30, 40, 30)",9980.0,9864.0,10236.0,1.0256513026052103,52.0,192.0,0.7708333333333334
priority-score?,,1,,"(30, 50, 20)",10066.0,9988.0,10585.0,1.0515597059407908,35.0,206.0,0.7135922330097088
priority-score?,,1,,"(30, 60, 10)",10074.0,10002.0,10656.0,1.057772483621203,32.0,200.0,0.89
priority-score?,,1,,"(33, 33, 34)",10003.0,9937.0,9620.0,0.9617114865540338,27.0,200.0,0.445
priority-score?,,1,,"(33, 34, 33)",9980.0,9864.0,10236.0,1.0256513026052103,52.0,192.0,0.7708333333333334
priority-score?,,1,,"(34, 33, 33)",9975.0,9889.0,8816.0,0.8838095238095238,39.0,209.0,0.569377990430622
priority-score?,,1,,"(40, 0, 60)",9943.0,9924.0,7959.0,0.8004626370310771,5.0,209.0,0.18660287081339713
priority-score?,,1,,"(40, 10, 50)",9938.0,9873.0,8008.0,0.8057959347957335,29.0,185.0,0.21621621621621623
priority-score?,,1,,"(40, 20, 40)",9945.0,9886.0,8705.0,0.8753142282554047,24.0,172.0,0.4186046511627907
priority-score?,,1,,"(40, 30, 30)",9972.0,9896.0,8749.0,0.877356598475732,34.0,212.0,0.6273584905660378
priority-score?,,1,,"(40, 40, 20)",10009.0,9963.0,9681.0,0.9672294934558897,19.0,207.0,0.7681159420289855
priority-score?,,1,,"(40, 50, 10)",10066.0,9988.0,10585.0,1.0515597059407908,35.0,206.0,0.7135922330097088
priority-score?,,1,,"(40, 60, 0)",9979.0,9921.0,10030.0,1.0051107325383304,25.0,211.0,1.1848341232227488
priority-score?,,1,,"(50, 0, 50)",9989.0,9972.0,7752.0,0.7760536590249274,6.0,244.0,0.1885245901639344
priority-score?,,1,,"(50, 10, 40)",10018.0,9949.0,8633.0,0.8617488520662807,29.0,194.0,0.6185567010309279
priority-score?,,1,,"(50, 20, 30)",9975.0,9903.0,8676.0,0.8697744360902255,32.0,210.0,0.5761904761904761
priority-score?,,1,,"(50, 25, 25)",9927.0,9863.0,8876.0,0.894127128034653,27.0,197.0,0.5177664974619289
priority-score?,,1,,"(50, 30, 20)",9863.0,9802.0,8722.0,0.8843151171043293,26.0,173.0,0.653179190751445
priority-score?,,1,,"(50, 40, 10)",10004.0,9943.0,8470.0,0.8466613354658137,26.0,178.0,0.5449438202247191
priority-score?,,1,,"(50, 50, 0)",10041.0,9994.0,10016.0,0.997510208146599,20.0,223.0,0.8295964125560538
priority-score?,,1,,"(60, 0, 40)",9983.0,9948.0,8305.0,0.8319142542321948,11.0,221.0,0.42081447963800905
priority-score?,,1,,"(60, 10, 30)",10148.0,10087.0,8978.0,0.8847063460780449,27.0,197.0,0.41624365482233505
priority-score?,,1,,"(60, 20, 20)",9971.0,9903.0,8532.0,0.8556814762812155,30.0,189.0,0.7619047619047619
priority-score?,,1,,"(60, 30, 10)",9997.0,9931.0,8669.0,0.8671601480444133,29.0,171.0,0.5672514619883041
priority-score?,,1,,"(60, 40, 0)",10063.0,9995.0,9020.0,0.8963529762496274,29.0,207.0,0.8164251207729468
priority-score?,,1,,"(80, 0, 20)",9983.0,9948.0,8305.0,0.8319142542321948,11.0,221.0,0.42081447963800905
priority-score?,,1,,"(80, 10, 10)",10091.0,10018.0,8564.0,0.8486770389455951,32.0,188.0,0.4946808510638298
priority-score?,,1,,"(80, 20, 0)",9936.0,9891.0,8504.0,0.855877616747182,20.0,201.0,0.8258706467661692
priority-score?,,1,,"(100, 0, 0)",9951.0,9929.0,8050.0,0.8089639232237966,7.0,225.0,0.8177777777777778
priority-score?,,2,,"(0, 0, 100)",5028.0,4998.0,268885.0,53.47752585521082,0.0,91.0,0.0
priority-score?,,2,,"(0, 20, 80)",10025.0,9940.0,59098.0,5.895062344139651,35.0,214.0,2.5794392523364484
priority-score?,,2,,"(0, 40, 60)",9953.0,9871.0,60536.0,6.082186275494825,33.0,192.0,4.010416666666667
priority-score?,,2,,"(0, 50, 50)",10031.0,9942.0,59578.0,5.939387897517695,38.0,198.0,4.277777777777778
priority-score?,,2,,"(0, 60, 40)",10048.0,9974.0,61962.0,6.166600318471337,27.0,228.0,4.754385964912281
priority-score?,,2,,"(0, 80, 20)",10048.0,9974.0,61962.0,6.166600318471337,27.0,228.0,4.754385964912281
priority-score?,,2,,"(0, 100, 0)",9882.0,9801.0,59075.0,5.978040882412467,34.0,230.0,6.004347826086956
priority-score?,,2,,"(10, 10, 80)",10004.0,9971.0,28174.0,2.8162734906037583,11.0,192.0,1.1822916666666667
priority-score?,,2,,"(10, 30, 60)",9918.0,9874.0,34473.0,3.475801572897762,16.0,212.0,2.240566037735849
priority-score?,,2,,"(10, 40, 50)",9890.0,9847.0,33190.0,3.3559150657229524,17.0,174.0,2.281609195402299
priority-score?,,2,,"(10, 50, 40)",9992.0,9946.0,37843.0,3.787329863891113,14.0,204.0,2.75
priority-score?,,2,,"(10, 60, 30)",10029.0,9976.0,36423.0,3.631767873167813,19.0,216.0,3.4675925925925926
priority-score?,,2,,"(10, 80, 10)",10085.0,10045.0,35827.0,3.552503718393654,15.0,197.0,3.116751269035533
priority-score?,,2,,"(20, 0, 80)",9983.0,9954.0,17333.0,1.7362516277672042,9.0,200.0,0.975
priority-score?,,2,,"(20, 20, 60)",10019.0,9988.0,28086.0,2.8032737798183454,8.0,210.0,1.661904761904762
priority-score?,,2,,"(20, 30, 50)",9976.0,9937.0,32811.0,3.2889935846030474,15.0,188.0,2.015957446808511
priority-score?,,2,,"(20, 40, 40)",9962.0,9926.0,33973.0,3.410258984139731,13.0,178.0,2.50561797752809
priority-score?,,2,,"(20, 50, 30)",9945.0,9895.0,34879.0,3.50718954248366,18.0,215.0,3.055813953488372
priority-score?,,2,,"(20, 60, 20)",10103.0,10049.0,39509.0,3.910620607740275,20.0,196.0,3.25
priority-score?,,2,,"(20, 80, 0)",10113.0,10068.0,35546.0,3.5148818352615447,17.0,196.0,3.3979591836734695
priority-score?,,2,,"(25, 25, 50)",10003.0,9959.0,30190.0,3.0180945716285112,17.0,231.0,2.0086580086580086
priority-score?,,2,,"(25, 50, 25)",10037.0,10001.0,34214.0,3.4087874863006875,13.0,196.0,2.4642857142857144
priority-score?,,2,,"(30, 10, 60)",9994.0,9956.0,24607.0,2.4621773063838304,14.0,212.0,1.1415094339622642
priority-score?,,2,,"(30, 20, 50)",9987.0,9950.0,27561.0,2.7596875938720338,13.0,195.0,1.646153846153846
priority-score?,,2,,"(30, 30, 40)",10019.0,9981.0,28727.0,2.867252220780517,13.0,170.0,2.1470588235294117
priority-score?,,2,,"(30, 40, 30)",10089.0,10043.0,35056.0,3.4746753890375657,18.0,192.0,3.1197916666666665
priority-score?,,2,,"(30, 50, 20)",9904.0,9872.0,31139.0,3.144083198707593,12.0,190.0,2.794736842105263
priority-score?,,2,,"(30, 60, 10)",10041.0,9988.0,35284.0,3.513992630216114,18.0,199.0,2.9899497487437188
priority-score?,,2,,"(33, 33, 34)",10019.0,9981.0,28727.0,2.867252220780517,13.0,170.0,2.1470588235294117
priority-score?,,2,,"(33, 34, 33)",9968.0,9911.0,33823.0,3.393158105939005,22.0,189.0,2.9365079365079363
priority-score?,,2,,"(34, 33, 33)",10074.0,10042.0,27510.0,2.7307921381774864,9.0,193.0,1.7927461139896372
priority-score?,,2,,"(40, 0, 60)",10000.0,9975.0,16933.0,1.6933,7.0,193.0,0.8963730569948186
priority-score?,,2,,"(40, 10, 50)",9996.0,9972.0,24027.0,2.4036614645858343,7.0,226.0,1.3097345132743363
priority-score?,,2,,"(40, 20, 40)",10104.0,10078.0,26532.0,2.625890736342043,8.0,201.0,1.681592039800995
priority-score?,,2,,"(40, 30, 30)",9990.0,9957.0,28178.0,2.8206206206206206,11.0,212.0,1.929245283018868
priority-score?,,2,,"(40, 40, 20)",9926.0,9877.0,28654.0,2.8867620390892603,17.0,189.0,2.64021164021164
priority-score?,,2,,"(40, 50, 10)",9997.0,9957.0,33275.0,3.3284985495648693,13.0,206.0,2.5776699029126213
priority-score?,,2,,"(40, 60, 0)",10164.0,10125.0,35478.0,3.490554899645809,16.0,179.0,3.46927374301676
priority-score?,,2,,"(50, 0, 50)",9996.0,9974.0,16915.0,1.6921768707482994,7.0,203.0,0.916256157635468
priority-score?,,2,,"(50, 10, 40)",9929.0,9892.0,23928.0,2.409910363581428,11.0,213.0,1.6619718309859155
priority-score?,,2,,"(50, 20, 30)",10034.0,9990.0,26900.0,2.680884991030496,17.0,196.0,2.061224489795918
priority-score?,,2,,"(50, 25, 25)",10042.0,10016.0,26125.0,2.6015733917546306,9.0,202.0,2.1930693069306932
priority-score?,,2,,"(50, 30, 20)",10021.0,9983.0,27539.0,2.748128929248578,13.0,189.0,2.5185185185185186
priority-score?,,2,,"(50, 40, 10)",10224.0,10178.0,29530.0,2.888302034428795,15.0,200.0,2.575
priority-score?,,2,,"(50, 50, 0)",9856.0,9814.0,28301.0,2.8714488636363638,15.0,180.0,2.8833333333333333
priority-score?,,2,,"(60, 0, 40)",9958.0,9936.0,16465.0,1.6534444667603936,8.0,185.0,1.1837837837837837
priority-score?,,2,,"(60, 10, 30)",9969.0,9938.0,24494.0,2.4570167519309862,12.0,194.0,1.8505154639175259
priority-score?,,2,,"(60, 20, 20)",9967.0,9927.0,24283.0,2.4363399217417476,17.0,184.0,1.8804347826086956
priority-score?,,2,,"(60, 30, 10)",9969.0,9947.0,26400.0,2.648209449292808,8.0,180.0,2.138888888888889
priority-score?,,2,,"(60, 40, 0)",9921.0,9887.0,28232.0,2.845680878943655,11.0,199.0,2.8944723618090453
priority-score?,,2,,"(80, 0, 20)",9958.0,9936.0,16465.0,1.6534444667603936,8.0,185.0,1.1837837837837837
priority-score?,,2,,"(80, 10, 10)",9953.0,9926.0,23873.0,2.398573294484075,9.0,206.0,1.9563106796116505
priority-score?,,2,,"(80, 20, 0)",10012.0,9978.0,25672.0,2.5641230523371954,11.0,172.0,2.4011627906976742
priority-score?,,2,,"(100, 0, 0)",10026.0,9994.0,16049.0,1.6007380809894274,10.0,197.0,1.401015228426396
priority-score?,,3,,"(0, 0, 100)",5028.0,4998.0,268885.0,53.47752585521082,0.0,91.0,0.0
priority-score?,,3,,"(0, 20, 80)",9981.0,9928.0,154793.0,15.50876665664763,14.0,201.0,11.447761194029852
priority-score?,,3,,"(0, 40, 60)",10058.0,10005.0,170160.0,16.917876317359315,15.0,200.0,13.705
priority-score?,,3,,"(0, 50, 50)",10002.0,9926.0,162844.0,16.281143771245752,13.0,216.0,15.12037037037037
priority-score?,,3,,"(0, 60, 40)",10036.0,9990.0,163859.0,16.32712235950578,7.0,212.0,15.99056603773585
priority-score?,,3,,"(0, 80, 20)",9956.0,9891.0,162568.0,16.328646042587383,15.0,187.0,15.967914438502675
priority-score?,,3,,"(0, 100, 0)",10039.0,9999.0,174358.0,17.368064548261778,9.0,206.0,17.966019417475728
priority-score?,,3,,"(10, 10, 80)",10043.0,10001.0,99375.0,9.894951707657075,5.0,206.0,6.179611650485437
priority-score?,,3,,"(10, 30, 60)",9933.0,9879.0,125988.0,12.683781334944126,13.0,210.0,12.285714285714286
priority-score?,,3,,"(10, 40, 50)",9983.0,9947.0,119187.0,11.938996293699288,9.0,180.0,10.311111111111112
priority-score?,,3,,"(10, 50, 40)",10071.0,10033.0,154839.0,15.374739350610664,4.0,212.0,14.410377358490566
priority-score?,,3,,"(10, 60, 30)",10075.0,10032.0,131094.0,13.01181141439206,6.0,199.0,12.552763819095478
priority-score?,,3,,"(10, 80, 10)",9983.0,9937.0,132902.0,13.312831814083943,11.0,194.0,13.376288659793815
priority-score?,,3,,"(20, 0, 80)",9941.0,9919.0,32058.0,3.224826476209637,5.0,208.0,1.9471153846153846
priority-score?,,3,,"(20, 20, 60)",9870.0,9830.0,97667.0,9.89533941236069,13.0,194.0,8.1340206185567
priority-score?,,3,,"(20, 30, 50)",9977.0,9932.0,110976.0,11.123183321639772,9.0,195.0,9.805128205128206
priority-score?,,3,,"(20, 40, 40)",9929.0,9892.0,154595.0,15.570047336086212,7.0,195.0,13.158974358974358
priority-score?,,3,,"(20, 50, 30)",10069.0,10041.0,129643.0,12.87545933061873,4.0,215.0,12.167441860465116
priority-score?,,3,,"(20, 60, 20)",10095.0,10038.0,140099.0,13.878058444774641,8.0,195.0,13.661538461538461
priority-score?,,3,,"(20, 80, 0)",10024.0,9994.0,125197.0,12.489724660814046,6.0,202.0,12.683168316831683
priority-score?,,3,,"(25, 25, 50)",9902.0,9870.0,103844.0,10.487174308220562,6.0,191.0,8.366492146596858
priority-score?,,3,,"(25, 50, 25)",9884.0,9854.0,111056.0,11.235936867664913,4.0,195.0,11.082051282051282
priority-score?,,3,,"(30, 10, 60)",9952.0,9920.0,73524.0,7.387861736334405,4.0,205.0,5.336585365853659
priority-score?,,3,,"(30, 20, 50)",10052.0,10011.0,97489.0,9.698467966573816,8.0,203.0,8.320197044334975
priority-score?,,3,,"(30, 30, 40)",9989.0,9963.0,102544.0,10.265692261487636,6.0,206.0,8.766990291262136
priority-score?,,3,,"(30, 40, 30)",10056.0,10034.0,124010.0,12.331941129673826,2.0,197.0,12.527918781725889
priority-score?,,3,,"(30, 50, 20)",10130.0,10097.0,137561.0,13.579565646594274,2.0,204.0,13.02450980392157
priority-score?,,3,,"(30, 60, 10)",9977.0,9943.0,123031.0,12.331462363435902,5.0,235.0,12.451063829787234
priority-score?,,3,,"(33, 33, 34)",9989.0,9963.0,102544.0,10.265692261487636,6.0,206.0,8.766990291262136
priority-score?,,3,,"(33, 34, 33)",9917.0,9886.0,123566.0,12.460018150650399,7.0,212.0,9.84433962264151
priority-score?,,3,,"(34, 33, 33)",9920.0,9895.0,120870.0,12.184475806451612,5.0,191.0,11.340314136125654
priority-score?,,3,,"(40, 0, 60)",9980.0,9959.0,32995.0,3.306112224448898,3.0,179.0,2.4916201117318435
priority-score?,,3,,"(40, 10, 50)",10002.0,9975.0,71620.0,7.160567886422715,8.0,195.0,5.02051282051282
priority-score?,,3,,"(40, 20, 40)",10000.0,9975.0,92557.0,9.2557,3.0,216.0,8.01388888888889
priority-score?,,3,,"(40, 30, 30)",9919.0,9896.0,95369.0,9.614779715697146,4.0,191.0,10.052356020942408
priority-score?,,3,,"(40, 40, 20)",9954.0,9921.0,99442.0,9.990154711673698,8.0,215.0,9.865116279069767
priority-score?,,3,,"(40, 50, 10)",9908.0,9891.0,119886.0,12.099919257165926,3.0,207.0,13.115942028985508
priority-score?,,3,,"(40, 60, 0)",9961.0,9924.0,117881.0,11.834253588997088,4.0,198.0,11.43939393939394
priority-score?,,3,,"(50, 0, 50)",10008.0,9978.0,32543.0,3.2516986410871302,8.0,194.0,2.2938144329896906
priority-score?,,3,,"(50, 10, 40)",9940.0,9913.0,75426.0,7.588128772635815,6.0,203.0,7.044334975369458
priority-score?,,3,,"(50, 20, 30)",10039.0,10013.0,87565.0,8.722482318956072,6.0,217.0,8.235023041474655
priority-score?,,3,,"(50, 25, 25)",10049.0,10017.0,85198.0,8.478256542939596,6.0,201.0,8.348258706467663
priority-score?,,3,,"(50, 30, 20)",9866.0,9842.0,90067.0,9.129028988445166,2.0,180.0,8.472222222222221
priority-score?,,3,,"(50, 40, 10)",9997.0,9978.0,88925.0,8.89516855056517,1.0,179.0,8.072625698324023
priority-score?,,3,,"(50, 50, 0)",10081.0,10047.0,105716.0,10.486658069635949,10.0,186.0,11.043010752688172
priority-score?,,3,,"(60, 0, 40)",10111.0,10098.0,34120.0,3.3745425773909603,2.0,186.0,3.1451612903225805
priority-score?,,3,,"(60, 10, 30)",10009.0,9976.0,69595.0,6.953242082126087,7.0,183.0,6.163934426229508
priority-score?,,3,,"(60, 20, 20)",9874.0,9849.0,78014.0,7.900951995138748,4.0,175.0,5.817142857142857
priority-score?,,3,,"(60, 30, 10)",9985.0,9954.0,84556.0,8.46830245368052,4.0,193.0,8.300518134715025
priority-score?,,3,,"(60, 40, 0)",9937.0,9911.0,99974.0,10.06078293247459,5.0,194.0,10.02061855670103
priority-score?,,3,,"(80, 0, 20)",10111.0,10098.0,34120.0,3.3745425773909603,2.0,186.0,3.1451612903225805
priority-score?,,3,,"(80, 10, 10)",9981.0,9948.0,67818.0,6.7947099489029155,8.0,204.0,6.102941176470588
priority-score?,,3,,"(80, 20, 0)",10009.0,9979.0,75124.0,7.505644919572385,7.0,203.0,7.251231527093596
priority-score?,,3,,"(100, 0, 0)",10075.0,10052.0,33409.0,3.316029776674938,5.0,200.0,3.38
priority-score?,,4,,"(0, 0, 100)",5028.0,4998.0,268885.0,53.47752585521082,0.0,91.0,0.0
priority-score?,,4,,"(0, 20, 80)",5219.0,5096.0,968558.0,185.5830618892508,0.0,105.0,170.66666666666666
priority-score?,,4,,"(0, 40, 60)",3816.0,3676.0,1210838.0,317.30555555555554,0.0,90.0,408.05555555555554
priority-score?,,4,,"(0, 50, 50)",4285.0,4140.0,1154500.0,269.42823803967326,0.0,75.0,200.02666666666667
priority-score?,,4,,"(0, 60, 40)",3974.0,3835.0,1221107.0,307.2740312028183,0.0,74.0,346.86486486486484
priority-score?,,4,,"(0, 80, 20)",3974.0,3835.0,1221107.0,307.2740312028183,0.0,74.0,346.86486486486484
priority-score?,,4,,"(0, 100, 0)",5069.0,4931.0,1046394.0,206.43006510159796,3.0,106.0,148.5754716981132
priority-score?,,4,,"(10, 10, 80)",6537.0,6444.0,663820.0,101.54811075416858,2.0,137.0,84.5985401459854
priority-score?,,4,,"(10, 30, 60)",4850.0,4720.0,1044823.0,215.42742268041238,0.0,90.0,417.9111111111111
priority-score?,,4,,"(10, 40, 50)",4213.0,4073.0,1119022.0,265.61167813909327,1.0,71.0,114.14084507042253
priority-score?,,4,,"(10, 50, 40)",5343.0,5217.0,936118.0,175.2045667228149,1.0,126.0,239.87301587301587
priority-score?,,4,,"(10, 60, 30)",3838.0,3687.0,1270009.0,330.9038561750912,0.0,75.0,249.68
priority-score?,,4,,"(10, 80, 10)",5041.0,4903.0,1035057.0,205.32771275540568,1.0,84.0,100.03571428571429
priority-score?,,4,,"(20, 0, 80)",9978.0,9955.0,64395.0,6.453698135898978,4.0,211.0,4.270142180094787
priority-score?,,4,,"(20, 20, 60)",5520.0,5404.0,883074.0,159.9771739130435,0.0,125.0,139.896
priority-score?,,4,,"(20, 30, 50)",3888.0,3738.0,1328535.0,341.7013888888889,1.0,81.0,427.25925925925924
priority-score?,,4,,"(20, 40, 40)",7837.0,7732.0,631474.0,80.57598570881714,1.0,164.0,81.07926829268293
priority-score?,,4,,"(20, 50, 30)",4295.0,4136.0,1272537.0,296.28335273573924,1.0,86.0,301.45348837209303
priority-score?,,4,,"(20, 60, 20)",5641.0,5540.0,920573.0,163.19322815103706,0.0,105.0,156.6095238095238
priority-score?,,4,,"(20, 80, 0)",5072.0,4935.0,962706.0,189.80796529968455,0.0,95.0,95.45263157894736
priority-score?,,4,,"(25, 25, 50)",6082.0,5963.0,779009.0,128.0843472541927,0.0,118.0,68.22033898305085
priority-score?,,4,,"(25, 50, 25)",4927.0,4777.0,1023075.0,207.6466409579866,0.0,91.0,196.82417582417582
priority-score?,,4,,"(30, 10, 60)",3905.0,3761.0,1193308.0,305.58463508322666,1.0,83.0,111.71084337349397
priority-score?,,4,,"(30, 20, 50)",3610.0,3460.0,1287138.0,356.54792243767315,0.0,62.0,279.258064516129
priority-score?,,4,,"(30, 30, 40)",5216.0,5065.0,1050769.0,201.4511119631902,0.0,110.0,239.4090909090909
priority-score?,,4,,"(30, 40, 30)",3470.0,3328.0,1253124.0,361.13083573487035,1.0,63.0,654.6666666666666
priority-score?,,4,,"(30, 50, 20)",6645.0,6493.0,824447.0,124.07027840481565,2.0,113.0,131.87610619469027
priority-score?,,4,,"(30, 60, 10)",6302.0,6195.0,834743.0,132.45683909869882,0.0,129.0,82.24031007751938
priority-score?,,4,,"(33, 33, 34)",5216.0,5065.0,1050769.0,201.4511119631902,0.0,110.0,239.4090909090909
priority-score?,,4,,"(33, 34, 33)",3493.0,3347.0,1254250.0,359.07529344403093,2.0,72.0,365.3888888888889
priority-score?,,4,,"(34, 33, 33)",5001.0,4897.0,889534.0,177.87122575484904,0.0,91.0,275.42857142857144
priority-score?,,4,,"(40, 0, 60)",10064.0,10038.0,65547.0,6.513016693163752,2.0,217.0,5.248847926267281
priority-score?,,4,,"(40, 10, 50)",4404.0,4297.0,1126410.0,255.76975476839237,0.0,80.0,265.9625
priority-score?,,4,,"(40, 20, 40)",5122.0,4977.0,1084325.0,211.69953143303397,0.0,112.0,157.55357142857142
priority-score?,,4,,"(40, 30, 30)",3732.0,3582.0,1324439.0,354.88719185423366,0.0,84.0,447.1666666666667
priority-score?,,4,,"(40, 40, 20)",4824.0,4670.0,1127651.0,233.7584991708126,1.0,103.0,231.89320388349515
priority-score?,,4,,"(40, 50, 10)",3463.0,3312.0,1294952.0,373.93935893733754,2.0,57.0,276.03508771929825
priority-score?,,4,,"(40, 60, 0)",6436.0,6281.0,879345.0,136.62911746426352,2.0,135.0,211.2
priority-score?,,4,,"(50, 0, 50)",9887.0,9863.0,61101.0,6.17993324567614,4.0,192.0,4.927083333333333
priority-score?,,4,,"(50, 10, 40)",5410.0,5304.0,848140.0,156.77264325323475,0.0,89.0,256.87640449438203
priority-score?,,4,,"(50, 20, 30)",5246.0,5148.0,961524.0,183.28707586732747,0.0,124.0,132.00806451612902
priority-score?,,4,,"(50, 25, 25)",5512.0,5375.0,902118.0,163.6643686502177,0.0,116.0,216.75
priority-score?,,4,,"(50, 30, 20)",3757.0,3609.0,1308311.0,348.23289858929996,1.0,81.0,132.37037037037038
priority-score?,,4,,"(50, 40, 10)",4108.0,3972.0,1179741.0,287.1813534566699,0.0,82.0,223.15853658536585
priority-score?,,4,,"(50, 50, 0)",5123.0,5021.0,903064.0,176.27640054655475,0.0,105.0,253.10476190476192
priority-score?,,4,,"(60, 0, 40)",9908.0,9882.0,65015.0,6.561869196608801,5.0,176.0,7.005681818181818
priority-score?,,4,,"(60, 10, 30)",4676.0,4529.0,1155000.0,247.00598802395209,2.0,85.0,169.69411764705882
priority-score?,,4,,"(60, 20, 20)",5617.0,5516.0,882253.0,157.0683638953178,1.0,101.0,79.57425742574257
priority-score?,,4,,"(60, 30, 10)",7885.0,7767.0,490575.0,62.21623335447051,2.0,161.0,56.88198757763975
priority-score?,,4,,"(60, 40, 0)",4961.0,4813.0,992659.0,200.09252166901834,1.0,89.0,194.6629213483146
priority-score?,,4,,"(80, 0, 20)",10002.0,9977.0,63533.0,6.352029594081184,4.0,210.0,6.0095238095238095
priority-score?,,4,,"(80, 10, 10)",5692.0,5612.0,791716.0,139.09276177090655,0.0,117.0,127.82051282051282
priority-score?,,4,,"(80, 20, 0)",3523.0,3381.0,1412107.0,400.82514902072097,0.0,63.0,233.46031746031747
priority-score?,,4,,"(100, 0, 0)",9944.0,9926.0,58213.0,5.854082864038617,2.0,195.0,5.8
priority-score?,,5,,"(0, 0, 100)",5028.0,4998.0,268885.0,53.47752585521082,0.0,91.0,0.0
priority-score?,,5,,"(0, 20, 80)",2856.0,2698.0,1457438.0,510.30742296918766,1.0,53.0,179.9811320754717
priority-score?,,5,,"(0, 40, 60)",4298.0,4175.0,1189454.0,276.7459283387622,0.0,72.0,162.33333333333334
priority-score?,,5,,"(0, 50, 50)",3951.0,3845.0,1208860.0,305.9630473297899,0.0,75.0,181.64
priority-score?,,5,,"(0, 60, 40)",4198.0,4060.0,1187033.0,282.76155312053356,0.0,94.0,266.5744680851064
priority-score?,,5,,"(0, 80, 20)",4198.0,4060.0,1187033.0,282.76155312053356,0.0,94.0,266.5744680851064
priority-score?,,5,,"(0, 100, 0)",3051.0,2900.0,1345151.0,440.8885611274992,1.0,51.0,171.88235294117646
priority-score?,,5,,"(10, 10, 80)",2998.0,2854.0,1339867.0,446.9202801867912,0.0,56.0,506.5357142857143
priority-score?,,5,,"(10, 30, 60)",4218.0,4100.0,1146848.0,271.8937885253675,1.0,86.0,250.06976744186048
priority-score?,,5,,"(10, 40, 50)",4095.0,3958.0,1216983.0,297.1875457875458,1.0,79.0,301.0
priority-score?,,5,,"(10, 50, 40)",4273.0,4140.0,1139798.0,266.74420781652236,0.0,85.0,373.4235294117647
priority-score?,,5,,"(10, 60, 30)",3192.0,3055.0,1294684.0,405.60275689223056,2.0,74.0,407.8783783783784
priority-score?,,5,,"(10, 80, 10)",4481.0,4365.0,1111581.0,248.0653871903593,1.0,83.0,343.7710843373494
priority-score?,,5,,"(20, 0, 80)",9978.0,9947.0,115509.0,11.576368009621167,2.0,167.0,7.634730538922156
priority-score?,,5,,"(20, 20, 60)",3506.0,3346.0,1303115.0,371.6814033086138,0.0,66.0,672.5909090909091
priority-score?,,5,,"(20, 30, 50)",2933.0,2784.0,1358130.0,463.05148312308216,0.0,64.0,471.609375
priority-score?,,5,,"(20, 40, 40)",3760.0,3616.0,1229433.0,326.9768617021277,0.0,70.0,381.2857142857143
priority-score?,,5,,"(20, 50, 30)",2921.0,2775.0,1361153.0,465.98870249914415,0.0,75.0,667.5066666666667
priority-score?,,5,,"(20, 60, 20)",3749.0,3605.0,1186746.0,316.55001333688983,0.0,71.0,149.7605633802817
priority-score?,,5,,"(20, 80, 0)",2891.0,2746.0,1353850.0,468.29816672431684,0.0,47.0,778.2340425531914
priority-score?,,5,,"(25, 25, 50)",2786.0,2639.0,1359023.0,487.8043790380474,0.0,48.0,595.875
priority-score?,,5,,"(25, 50, 25)",3027.0,2875.0,1373258.0,453.6696399074992,0.0,72.0,688.4305555555555
priority-score?,,5,,"(30, 10, 60)",4230.0,4124.0,1149353.0,271.71465721040187,0.0,90.0,354.06666666666666
priority-score?,,5,,"(30, 20, 50)",2917.0,2764.0,1434444.0,491.7531710661639,0.0,62.0,460.43548387096774
priority-score?,,5,,"(30, 30, 40)",2937.0,2784.0,1409161.0,479.79605039155604,0.0,55.0,521.6727272727272
priority-score?,,5,,"(30, 40, 30)",2721.0,2575.0,1377283.0,506.1679529584712,0.0,60.0,351.5
priority-score?,,5,,"(30, 50, 20)",3808.0,3652.0,1260441.0,330.99816176470586,3.0,56.0,273.07142857142856
priority-score?,,5,,"(30, 60, 10)",2949.0,2794.0,1426084.0,483.5822312648355,0.0,57.0,350.87719298245617
priority-score?,,5,,"(33, 33, 34)",2937.0,2784.0,1409161.0,479.79605039155604,0.0,55.0,521.6727272727272
priority-score?,,5,,"(33, 34, 33)",2884.0,2721.0,1475482.0,511.6095700416089,1.0,57.0,355.82456140350877
priority-score?,,5,,"(34, 33, 33)",4095.0,3949.0,1233963.0,301.33406593406596,0.0,86.0,381.1279069767442
priority-score?,,5,,"(40, 0, 60)",9995.0,9968.0,110253.0,11.030815407703852,1.0,231.0,8.519480519480519
priority-score?,,5,,"(40, 10, 50)",2969.0,2819.0,1371647.0,461.989558773998,0.0,53.0,360.66037735849056
priority-score?,,5,,"(40, 20, 40)",3253.0,3109.0,1367526.0,420.38917921918227,0.0,65.0,419.3692307692308
priority-score?,,5,,"(40, 30, 30)",4364.0,4226.0,1193482.0,273.4835013748854,0.0,94.0,146.20212765957447
priority-score?,,5,,"(40, 40, 20)",2802.0,2657.0,1371540.0,489.48608137044965,0.0,59.0,200.20338983050848
priority-score?,,5,,"(40, 50, 10)",3985.0,3844.0,1221725.0,306.5809284818068,1.0,76.0,184.75
priority-score?,,5,,"(40, 60, 0)",4379.0,4241.0,1079101.0,246.42635304864123,0.0,101.0,223.76237623762376
priority-score?,,5,,"(50, 0, 50)",10042.0,10019.0,112321.0,11.185122485560646,1.0,228.0,8.846491228070175
priority-score?,,5,,"(50, 10, 40)",4368.0,4260.0,1068714.0,244.66895604395606,1.0,93.0,318.494623655914
priority-score?,,5,,"(50, 20, 30)",2990.0,2823.0,1554873.0,520.0244147157191,0.0,56.0,344.2857142857143
priority-score?,,5,,"(50, 25, 25)",3209.0,3070.0,1287117.0,401.09598005609223,0.0,53.0,155.50943396226415
priority-score?,,5,,"(50, 30, 20)",3109.0,2965.0,1390476.0,447.2422000643294,0.0,66.0,586.2878787878788
priority-score?,,5,,"(50, 40, 10)",4310.0,4183.0,1173213.0,272.20719257540605,0.0,92.0,334.30434782608694
priority-score?,,5,,"(50, 50, 0)",2953.0,2806.0,1346695.0,456.0430071114121,0.0,60.0,343.5833333333333
priority-score?,,5,,"(60, 0, 40)",9921.0,9889.0,114785.0,11.569902227598025,4.0,205.0,11.64390243902439
priority-score?,,5,,"(60, 10, 30)",3290.0,3134.0,1382143.0,420.10425531914893,0.0,71.0,529.2957746478874
priority-score?,,5,,"(60, 20, 20)",4346.0,4199.0,1108183.0,254.98918545789232,0.0,84.0,242.20238095238096
priority-score?,,5,,"(60, 30, 10)",2942.0,2790.0,1420040.0,482.6784500339905,0.0,57.0,359.0
priority-score?,,5,,"(60, 40, 0)",4246.0,4094.0,1263322.0,297.53226566179933,0.0,74.0,150.13513513513513
priority-score?,,5,,"(80, 0, 20)",9666.0,9638.0,268598.0,27.78791640802814,1.0,194.0,23.34536082474227
priority-score?,,5,,"(80, 10, 10)",4576.0,4460.0,1041995.0,227.70869755244755,0.0,79.0,221.70886075949366
priority-score?,,5,,"(80, 20, 0)",4480.0,4360.0,1006927.0,224.76049107142856,0.0,93.0,248.44086021505376
priority-score?,,5,,"(100, 0, 0)",10022.0,10006.0,108246.0,10.800838156056676,0.0,208.0,9.9375
